{"cameraMode":{"drawMode":0,"name":"Shaded","section":"Shading Mode"},"sceneLighting":false,"audioPlay":false,"sceneViewState":{"m_AlwaysRefresh":false,"showFog":true,"showSkybox":false,"showFlares":true,"showImageEffects":true,"showParticleSystems":true,"showVisualEffectGraphs":true,"m_FxEnabled":true},"in2DMode":false,"pivot":{"x":-0.009999990463256836,"y":0.9927856922149658,"z":0.655480146408081},"rotation":{"x":0.005106635391712189,"y":0.8333856463432312,"z":-0.007790700998157263,"w":0.552655816078186},"size":0.32975608110427859,"orthographic":false}