{"cameraMode":{"drawMode":0,"name":"Shaded","section":"Shading Mode"},"sceneLighting":true,"audioPlay":false,"sceneViewState":{"m_AlwaysRefresh":false,"showFog":true,"showSkybox":true,"showFlares":true,"showImageEffects":true,"showParticleSystems":true,"showVisualEffectGraphs":true,"m_FxEnabled":true},"in2DMode":false,"pivot":{"x":14.917314529418946,"y":-17.069913864135743,"z":46.97827911376953},"rotation":{"x":-0.33519449830055239,"y":-0.34120476245880129,"z":0.13168944418430329,"w":-0.8683139085769653},"size":46.82182312011719,"orthographic":false}