{"cameraMode":{"drawMode":0,"name":"Shaded","section":"Shading Mode"},"sceneLighting":true,"audioPlay":false,"sceneViewState":{"m_AlwaysRefresh":false,"showFog":true,"showSkybox":true,"showFlares":true,"showImageEffects":true,"showParticleSystems":true,"showVisualEffectGraphs":true,"m_FxEnabled":true},"in2DMode":false,"pivot":{"x":5.573980331420898,"y":0.1762542724609375,"z":10.602787017822266},"rotation":{"x":0.16554637253284455,"y":0.36725446581840517,"z":-0.06659367680549622,"w":0.9128506183624268},"size":19.692604064941408,"orthographic":false}