{"cameraMode":{"drawMode":0,"name":"Shaded","section":"Shading Mode"},"sceneLighting":true,"audioPlay":false,"sceneViewState":{"m_AlwaysRefresh":false,"showFog":true,"showSkybox":true,"showFlares":true,"showImageEffects":true,"showParticleSystems":true,"showVisualEffectGraphs":true,"m_FxEnabled":true},"in2DMode":false,"pivot":{"x":58.08119583129883,"y":8.641477584838868,"z":-8.011953353881836},"rotation":{"x":0.37814709544181826,"y":-0.08176807314157486,"z":0.03355327993631363,"w":0.9215209484100342},"size":12.343696594238282,"orthographic":false}