{"cameraMode":{"drawMode":0,"name":"Shaded","section":"Shading Mode"},"sceneLighting":true,"audioPlay":false,"sceneViewState":{"m_AlwaysRefresh":false,"showFog":true,"showSkybox":true,"showFlares":true,"showImageEffects":true,"showParticleSystems":true,"showVisualEffectGraphs":true,"m_FxEnabled":true},"in2DMode":false,"pivot":{"x":0.1929360032081604,"y":-1.077109932899475,"z":2.077259063720703},"rotation":{"x":0.31379905343055727,"y":-0.2766055762767792,"z":0.09473387151956558,"w":0.9034134149551392},"size":2.3665900230407717,"orthographic":false}