{"cameraMode":{"drawMode":0,"name":"Shaded","section":"Shading Mode"},"sceneLighting":true,"audioPlay":false,"sceneViewState":{"m_AlwaysRefresh":false,"showFog":true,"showSkybox":true,"showFlares":true,"showImageEffects":true,"showParticleSystems":true,"showVisualEffectGraphs":true,"m_FxEnabled":true},"in2DMode":false,"pivot":{"x":0.15148510038852693,"y":-0.8651056289672852,"z":3.2361886501312258},"rotation":{"x":0.1289532333612442,"y":-0.3704410195350647,"z":0.05201457068324089,"w":0.918391764163971},"size":3.438905715942383,"orthographic":false}