{"cameraMode":{"drawMode":0,"name":"Shaded","section":"Shading Mode"},"sceneLighting":false,"audioPlay":false,"sceneViewState":{"m_AlwaysRefresh":false,"showFog":true,"showSkybox":false,"showFlares":true,"showImageEffects":true,"showParticleSystems":true,"showVisualEffectGraphs":true,"m_FxEnabled":true},"in2DMode":false,"pivot":{"x":1.2677607536315919,"y":0.43819451332092287,"z":-0.45845818519592287},"rotation":{"x":0.16712041199207307,"y":0.5171509385108948,"z":-0.1037568524479866,"w":0.8329895734786987},"size":8.467768669128418,"orthographic":false}