{"cameraMode":{"drawMode":0,"name":"Shaded","section":"Shading Mode"},"sceneLighting":false,"audioPlay":false,"sceneViewState":{"m_AlwaysRefresh":false,"showFog":true,"showSkybox":false,"showFlares":true,"showImageEffects":true,"showParticleSystems":true,"showVisualEffectGraphs":true,"m_FxEnabled":true},"in2DMode":false,"pivot":{"x":-0.03177901357412338,"y":-0.007899261079728604,"z":0.015144522301852703},"rotation":{"x":0.24171927571296693,"y":-0.44930195808410647,"z":0.12769122421741486,"w":0.8505306839942932},"size":1.8075025081634522,"orthographic":false}