{"cameraMode":{"drawMode":0,"name":"Shaded","section":"Shading Mode"},"sceneLighting":false,"audioPlay":false,"sceneViewState":{"m_AlwaysRefresh":false,"showFog":true,"showSkybox":false,"showFlares":true,"showImageEffects":true,"showParticleSystems":true,"showVisualEffectGraphs":true,"m_FxEnabled":true},"in2DMode":false,"pivot":{"x":-0.03177901357412338,"y":-0.007899261079728604,"z":0.015144522301852703},"rotation":{"x":0.18687821924686433,"y":-0.0647851899266243,"z":0.012351308949291706,"w":0.9801710844039917},"size":1.507502555847168,"orthographic":false}